﻿<?xml version="1.0" encoding="UTF-8"?>
<ies>
	<nombre>IES Severo Ochoa</nombre>
	<web>http://www.iesserveroochoa.net</web>
	<logo>logo.png</logo>
	<telefono>966912260</telefono>
	<ciclos>
		<ciclo id="ASIR">
			<nombre>Administración de Sistemas Informáticos en Red</nombre>
			<grado>Superior</grado>
			<decretoTitulo año="2009" />
		</ciclo>
		<ciclo id="DAW">
			<nombre>Desarrollo de Aplicaciones Web</nombre>
			<grado>Superior</grado>
			<decretoTitulo año="2010" />
		</ciclo>
		<ciclo id="DAM">
			<nombre>Desarrollo de Aplicaciones Multiplataforma</nombre>
			<grado>Superior</grado>
			<decretoTitulo año="2010" />
		</ciclo>
		<ciclo id="SMR">
			<nombre>Sistemas Microinformáticos y Redes</nombre>
			<grado>Medio</grado>
			<decretoTitulo año="2008" />
		</ciclo>
	</ciclos>
	<modulos>
		<!-- Modulos de SMR -->
		<modulo id="0221">
			<nombre>Montaje y Mantenimiento de equipos</nombre>
			<curso>1</curso>
			<horasSemanales>7</horasSemanales>
			<ciclo>SMR</ciclo>
		</modulo>
		<modulo id="0225">
			<nombre>Redes locales</nombre>
			<curso>1</curso>
			<horasSemanales>7</horasSemanales>
			<ciclo>SMR</ciclo>
		</modulo>
		<modulo id="0223">
			<nombre>Aplicaciones ofimáticas</nombre>
			<curso>1</curso>
			<horasSemanales>7</horasSemanales>
			<ciclo>SMR</ciclo>
		</modulo>
		<modulo id="0222">
			<nombre>Sistemas operativos monopuesto</nombre>
			<curso>1</curso>
			<horasSemanales>4</horasSemanales>
			<ciclo>SMR</ciclo>
		</modulo>
		<modulo id="0229">
			<nombre>Formación y Orientación Laboral</nombre>
			<curso>1</curso>
			<horasSemanales>3</horasSemanales>
			<ciclo>SMR</ciclo>
		</modulo>
		<modulo id="CV0001">
			<nombre>Inglés Técnico I-M</nombre>
			<curso>1</curso>
			<horasSemanales>2</horasSemanales>
			<ciclo>SMR</ciclo>
		</modulo>

		<modulo id="0224">
			<nombre>Sistemas operativos en red</nombre>
			<curso>2</curso>
			<horasSemanales>8</horasSemanales>
			<ciclo>SMR</ciclo>
		</modulo>
		<modulo id="0226">
			<nombre>Seguridad Informática</nombre>
			<curso>2</curso>
			<horasSemanales>5</horasSemanales>
			<ciclo>SMR</ciclo>
		</modulo>
		<modulo id="0227">
			<nombre>Servicios en red</nombre>
			<curso>2</curso>
			<horasSemanales>8</horasSemanales>
			<ciclo>SMR</ciclo>
		</modulo>
		<modulo id="0228">
			<nombre>Aplicaciones web</nombre>
			<curso>2</curso>
			<horasSemanales>4</horasSemanales>
			<ciclo>SMR</ciclo>
		</modulo>
		<modulo id="0230">
			<nombre>Empresa e iniciativa emprendedora</nombre>
			<curso>2</curso>
			<horasSemanales>3</horasSemanales>
			<ciclo>SMR</ciclo>
		</modulo>
		<modulo id="CV0002">
			<nombre>Inglés Técnico II-M</nombre>
			<curso>2</curso>
			<horasSemanales>2</horasSemanales>
			<ciclo>SMR</ciclo>
		</modulo>

		<!--Modulos de ASIR -->
		<modulo id="0372">
			<nombre>Gestión de bases de datos</nombre>
			<curso>1</curso>
			<horasSemanales>5</horasSemanales>
			<ciclo>ASIR</ciclo>
		</modulo>
		<modulo id="0370">
			<nombre>Planificación y administración de redes</nombre>
			<curso>1</curso>
			<horasSemanales>6</horasSemanales>
			<ciclo>ASIR</ciclo>
		</modulo>
		<modulo id="0369">
			<nombre>Implantación de sistemas operativos</nombre>
			<curso>1</curso>
			<horasSemanales>7</horasSemanales>
			<ciclo>ASIR</ciclo>
		</modulo>
		<modulo id="0371">
			<nombre>Fundamentos del hardware</nombre>
			<curso>1</curso>
			<horasSemanales>3</horasSemanales>
			<ciclo>ASIR</ciclo>
		</modulo>
		<modulo id="0380">
			<nombre>Formación y orientación laboral</nombre>
			<curso>1</curso>
			<horasSemanales>3</horasSemanales>
			<ciclo>ASIR</ciclo>
			<ciclo>DAW</ciclo>
			<ciclo>DAM</ciclo>
		</modulo>
		<modulo id="CV0003">
			<nombre>Inglés técnico I-S</nombre>
			<curso>1</curso>
			<horasSemanales>3</horasSemanales>
			<ciclo>ASIR</ciclo>
			<ciclo>DAW</ciclo>
			<ciclo>DAM</ciclo>
		</modulo>
		<modulo id="0373">
			<nombre>Lenguajes de marcas y sistemas de gestión de información
			</nombre>
			<curso>1</curso>
			<horasSemanales>3</horasSemanales>
			<ciclo>ASIR</ciclo>
			<ciclo>DAW</ciclo>
			<ciclo>DAM</ciclo>
		</modulo>
		<modulo id="0376">
			<nombre>Implantación de aplicaciones web</nombre>
			<curso>2</curso>
			<horasSemanales>5</horasSemanales>
			<ciclo>ASIR</ciclo>
		</modulo>
		<modulo id="0374">
			<nombre>Administración de sistemas operativos</nombre>
			<curso>2</curso>
			<horasSemanales>6</horasSemanales>
			<ciclo>ASIR</ciclo>
		</modulo>
		<modulo id="0375">
			<nombre>Servicios de red e Internet</nombre>
			<curso>2</curso>
			<horasSemanales>6</horasSemanales>
			<ciclo>ASIR</ciclo>
		</modulo>
		<modulo id="0377">
			<nombre>Administración de sistemas gestores de bases de datos
			</nombre>
			<curso>2</curso>
			<horasSemanales>3</horasSemanales>
			<ciclo>ASIR</ciclo>
		</modulo>
		<modulo id="0378">
			<nombre>Seguridad y alta disponibilidad</nombre>
			<curso>2</curso>
			<horasSemanales>5</horasSemanales>
			<ciclo>ASIR</ciclo>
		</modulo>
		<modulo id="0381">
			<nombre>Empresa e iniciativa emprendedora</nombre>
			<curso>2</curso>
			<horasSemanales>3</horasSemanales>
			<ciclo>ASIR</ciclo>
			<ciclo>DAW</ciclo>
			<ciclo>DAM</ciclo>
		</modulo>
		<modulo id="CV0004">
			<nombre>Inglés Técnico II-S</nombre>
			<curso>2</curso>
			<horasSemanales>2</horasSemanales>
			<ciclo>ASIR</ciclo>
		</modulo>
		<!-- Modulos de DAM y DAW primero -->
		<modulo id="0483">
			<nombre>Sistemas informáticos</nombre>
			<curso>1</curso>
			<horasSemanales>5</horasSemanales>
			<ciclo>DAW</ciclo>
			<ciclo>DAM</ciclo>
		</modulo>
		<modulo id="0484">
			<nombre>Bases de datos</nombre>
			<curso>1</curso>
			<horasSemanales>5</horasSemanales>
			<ciclo>DAW</ciclo>
			<ciclo>DAM</ciclo>
		</modulo>
		<modulo id="0485">
			<nombre>Programación</nombre>
			<curso>1</curso>
			<horasSemanales>8</horasSemanales>
			<ciclo>DAW</ciclo>
			<ciclo>DAM</ciclo>
		</modulo>
		<modulo id="0487">
			<nombre>Entornos de desarrollo</nombre>
			<curso>1</curso>
			<horasSemanales>3</horasSemanales>
			<ciclo>DAW</ciclo>
			<ciclo>DAM</ciclo>
		</modulo>
		<!-- Modulos de segundo de DAM -->
		<modulo id="0488">
			<nombre>Desarrollo de interfaces</nombre>
			<curso>2</curso>
			<horasSemanales>6</horasSemanales>
			<ciclo>DAM</ciclo>
		</modulo>
		<modulo id="0489">
			<nombre>Programación multimedia y dispositivos móviles</nombre>
			<curso>2</curso>
			<horasSemanales>5</horasSemanales>
			<ciclo>DAM</ciclo>
		</modulo>
		<modulo id="0490">
			<nombre>Programación de servicios y procesos</nombre>
			<curso>2</curso>
			<horasSemanales>3</horasSemanales>
			<ciclo>DAM</ciclo>
		</modulo>
		<modulo id="">
			<nombre>Sistemas de gestión empresarial</nombre>
			<curso>2</curso>
			<horasSemanales>5</horasSemanales>
			<ciclo>DAM</ciclo>
		</modulo>
		<!-- Modulos de segundo DAW -->
		<modulo id="0612">
			<nombre>Desarrollo web en entorno cliente</nombre>
			<curso>2</curso>
			<horasSemanales>7</horasSemanales>
			<ciclo>DAW</ciclo>
		</modulo>
		<modulo id="0613">
			<nombre>Desarrollo web en entorno servidor</nombre>
			<curso>2</curso>
			<horasSemanales>8</horasSemanales>
			<ciclo>DAW</ciclo>
		</modulo>
		<modulo id="0614">
			<nombre>Despliegue de aplicaciones web</nombre>
			<curso>2</curso>
			<horasSemanales>4</horasSemanales>
			<ciclo>DAW</ciclo>
		</modulo>
		<modulo id="0615">
			<nombre>Diseño de interfaces web</nombre>
			<curso>2</curso>
			<horasSemanales>6</horasSemanales>
			<ciclo>DAW</ciclo>
		</modulo>
	</modulos>
</ies>
